node,polarity,fan_size,pos
a_001,anti_vaccines,94,"(1567.709717, -24218.75)"
a_00100,anti_vaccines,0,"(-1835.667725, 25781.25)"
a_001001,anti_vaccines,22175,"(160.108688, -749.809448)"
a_001002,anti_vaccines,423,"(-137.362717, -676.494263)"
a_001003,anti_vaccines,289,"(181.973236, -107.275665)"
a_001004,anti_vaccines,1860,"(176.026443, -575.499146)"
a_001005,anti_vaccines,563,"(-50.205498, -907.53772)"
a_001007,anti_vaccines,1026,"(837.199768, 38.245033)"
a_001008,anti_vaccines,2354,"(-117.37365, -622.076111)"
a_001009,anti_vaccines,2925,"(53.465477, -324.690552)"
a_001011,anti_vaccines,142,"(54.520298, -621.831482)"
a_001014,anti_vaccines,1513,"(-75.267494, -802.321655)"
a_001016,anti_vaccines,9216,"(6.519486, -932.641663)"
a_001019,anti_vaccines,1415,"(462.79483, -116.848625)"
a_001024,anti_vaccines,1442,"(81.046906, -582.994446)"
a_001028,anti_vaccines,1152,"(-72.71312, -493.466034)"
a_001029,anti_vaccines,3508,"(110.291908, -224.102448)"
a_00103,anti_vaccines,0,"(15453.017578, 25549.517578)"
a_001040,anti_vaccines,764,"(267.351624, -288.252686)"
a_001041,anti_vaccines,136673,"(53.860798, -732.543823)"
a_001049,anti_vaccines,2619,"(110.372841, -868.761597)"
a_001050,anti_vaccines,1019,"(-89.425812, -509.199707)"
a_001051,anti_vaccines,733,"(138.217285, -307.899017)"
a_001054,anti_vaccines,10181,"(-36.371891, -309.687653)"
a_001061,anti_vaccines,1171,"(-95.632202, -785.845459)"
a_001062,anti_vaccines,268,"(444.685608, 1168.882568)"
a_001063,anti_vaccines,366,"(55.324318, -591.818359)"
a_001067,anti_vaccines,27242,"(-14.824056, -886.660645)"
a_001073,anti_vaccines,505,"(18.576029, -377.503693)"
a_001081,anti_vaccines,358,"(116.449966, -458.224304)"
a_001083,anti_vaccines,5926,"(277.977875, -814.742371)"
a_001084,anti_vaccines,1854,"(382.203949, -339.271637)"
a_001091,anti_vaccines,2959,"(433.884552, -284.751984)"
a_001094,anti_vaccines,735,"(-28.354509, -672.581726)"
a_001097,anti_vaccines,883,"(-167.710144, -514.150269)"
a_001100,anti_vaccines,1685,"(182.277054, 134.434296)"
a_001102,anti_vaccines,9564,"(-65.443886, -759.760437)"
a_001107,anti_vaccines,1530,"(-73.370262, -620.110229)"
a_001110,anti_vaccines,2806,"(172.852936, -659.073975)"
a_001112,anti_vaccines,24648,"(357.791321, -761.266418)"
a_001117,anti_vaccines,3161,"(-81.608658, -468.728973)"
a_001118,anti_vaccines,31139,"(-36.336441, -972.009033)"
a_00112,anti_vaccines,28,"(13509.939453, -24218.75)"
a_001123,anti_vaccines,3319,"(430.950562, -546.550598)"
a_001124,anti_vaccines,14277,"(130.692749, -527.191833)"
a_001125,anti_vaccines,12577,"(120.156944, -657.889404)"
a_001126,anti_vaccines,4708,"(287.437866, -356.429718)"
a_001129,anti_vaccines,90665,"(144.861542, -668.897583)"
a_001130,anti_vaccines,8144,"(80.484711, -660.40387)"
a_001131,anti_vaccines,33195,"(1022.304077, 275.938843)"
a_001134,anti_vaccines,3367,"(166.278442, -315.56839)"
a_001135,anti_vaccines,1769,"(90.594177, -451.054626)"
a_001136,anti_vaccines,393,"(45.27055, -234.143677)"
a_001139,anti_vaccines,5127,"(155.689316, -515.911682)"
a_001143,anti_vaccines,14870,"(-27.857672, -841.053955)"
a_001152,anti_vaccines,804,"(194.973587, -420.98175)"
a_001153,anti_vaccines,1985,"(-15.140057, -296.583466)"
a_001155,anti_vaccines,2417,"(-1.28717, -346.09726)"
a_001166,anti_vaccines,26782,"(98.540504, -689.981995)"
a_001167,anti_vaccines,11367,"(-7.767019, -865.067322)"
a_001170,anti_vaccines,16125,"(-51.361454, -813.110596)"
a_001173,anti_vaccines,3033,"(-1.287079, -251.877823)"
a_001178,anti_vaccines,6055,"(73.572037, -343.014435)"
a_001187,anti_vaccines,7762,"(-38.784168, -552.581421)"
a_00119,anti_vaccines,4730,"(-22151.123047, -19807.921875)"
a_001191,anti_vaccines,3229,"(-33.938931, -257.060883)"
a_001193,anti_vaccines,4854,"(18.651434, -300.260834)"
a_001198,anti_vaccines,35344,"(-104.57254, -379.176758)"
a_00120,anti_vaccines,335,"(25781.25, -5537.466797)"
a_001205,anti_vaccines,1925,"(372.314606, 1197.04541)"
a_001206,anti_vaccines,18740,"(-630.30249, -29.959759)"
a_00121,anti_vaccines,3900,"(-1159.033081, -897.653442)"
a_001215,anti_vaccines,11625,"(181.988846, -796.541321)"
a_001217,anti_vaccines,23440,"(34.169716, -862.784485)"
a_001222,anti_vaccines,130677,"(103.79921, -795.997803)"
a_001224,anti_vaccines,10064,"(-83.351158, -656.032471)"
a_001225,anti_vaccines,3093,"(5.052397, -526.542664)"
a_001234,anti_vaccines,15120,"(74.099731, -254.425873)"
a_001238,anti_vaccines,3959,"(149.493256, -466.680023)"
a_001242,anti_vaccines,8601,"(-72.523651, -350.546631)"
a_001244,anti_vaccines,92505,"(188.529724, -440.032928)"
a_001247,anti_vaccines,9701,"(197.935547, -526.593567)"
a_001249,anti_vaccines,544420,"(-449.400452, -225.42749)"
a_001251,anti_vaccines,4202,"(-146.123688, -569.784058)"
a_001264,anti_vaccines,15243,"(111.228271, -338.36853)"
a_001265,anti_vaccines,534311,"(-343.213043, -358.098358)"
a_001268,anti_vaccines,26411,"(163.663223, -409.606598)"
a_001269,anti_vaccines,120925,"(344.903656, -535.418152)"
a_001270,anti_vaccines,16769,"(118.675964, -416.008179)"
a_001271,anti_vaccines,21127,"(177.044632, -361.055328)"
a_001272,anti_vaccines,217349,"(615.811951, -172.375046)"
a_001273,anti_vaccines,27785,"(59.188076, -497.31839)"
a_001278,anti_vaccines,90620,"(-82.640945, -424.837738)"
a_001280,anti_vaccines,232927,"(-14.938364, -423.047363)"
a_001281,anti_vaccines,218425,"(54.354935, -433.633179)"
a_001284,anti_vaccines,29,"(-155.126282, -1056.450317)"
a_001285,anti_vaccines,141,"(-144.271332, -1047.620361)"
a_001288,anti_vaccines,539,"(-157.670654, -1047.075806)"
a_001292,anti_vaccines,27,"(-189.872559, -1239.414551)"
a_001293,anti_vaccines,116,"(5.386761, -597.322266)"
a_001294,anti_vaccines,271,"(-430.316925, -885.48877)"
a_001297,anti_vaccines,32353,"(25781.25, 19230.40625)"
a_00131,anti_vaccines,1177,"(-24218.75, -2992.194092)"
a_001319,anti_vaccines,1744,"(-770.444946, 207.194916)"
a_001324,anti_vaccines,5390,"(638.743652, -1216.281616)"
a_00135,anti_vaccines,944,"(21406.166016, -20705.277344)"
a_00138,anti_vaccines,528,"(11946.205078, 25781.25)"
a_00139,anti_vaccines,1754,"(-15533.195313, 25381.675781)"
a_00140,anti_vaccines,3005,"(25781.25, -9959.649414)"
a_00143,anti_vaccines,3977,"(341.771606, -826.329163)"
a_00148,anti_vaccines,289,"(260.346466, -1084.415649)"
a_00149,anti_vaccines,987,"(242.997467, -974.230408)"
a_00154,anti_vaccines,27458,"(555.961121, -1094.254395)"
a_00174,anti_vaccines,2090,"(96.79409, -1095.422119)"
a_00175,anti_vaccines,368,"(208.17717, -683.031921)"
a_00187,anti_vaccines,179,"(-161.292633, -798.329407)"
a_00189,anti_vaccines,1495,"(656.191101, -227.006516)"
a_00203,anti_vaccines,261,"(316.430542, -1154.706055)"
a_00205,anti_vaccines,3175,"(250.52948, -1105.924805)"
a_00207,anti_vaccines,9749,"(204.594177, -336.172058)"
a_00228,anti_vaccines,3204,"(-161.969055, -780.393921)"
a_00237,anti_vaccines,13385,"(137.40947, -817.111816)"
a_00241,anti_vaccines,181,"(-21.017128, -938.843933)"
a_0026,anti_vaccines,398,"(-20972.990234, -21099.679688)"
a_00265,anti_vaccines,114,"(656.033264, -773.676392)"
a_00267,anti_vaccines,117,"(656.59906, -748.226685)"
a_00279,anti_vaccines,3050,"(588.394714, -742.063843)"
a_00281,anti_vaccines,1773,"(-649.982849, -489.099854)"
a_003,anti_vaccines,446,"(19960.234375, 22200.105469)"
a_00305,anti_vaccines,747,"(-101.492958, -547.830017)"
a_00307,anti_vaccines,961,"(-160.886139, -348.997406)"
a_00323,anti_vaccines,199,"(-242.00325, -969.197571)"
a_00327,anti_vaccines,192,"(-1326.080566, -402.942841)"
a_00328,anti_vaccines,692,"(54.915405, -285.499054)"
a_00337,anti_vaccines,508,"(283.40329, -1097.885376)"
a_0034,anti_vaccines,1364,"(20874.0625, -21289.425781)"
a_0036,anti_vaccines,2448,"(25781.25, -13445.538086)"
a_00360,anti_vaccines,219,"(303.69223, -1487.382568)"
a_00361,anti_vaccines,1064,"(286.289368, -1223.085693)"
a_00372,anti_vaccines,1688,"(545.369507, -94.747284)"
a_00373,anti_vaccines,1004,"(-62.074028, -192.374527)"
a_00375,anti_vaccines,943,"(-214.662109, -467.782104)"
a_00376,anti_vaccines,3643,"(321.309387, -1606.796753)"
a_0038,anti_vaccines,0,"(571.746704, -24218.75)"
a_00386,anti_vaccines,70,"(396.087677, -413.484039)"
a_00387,anti_vaccines,1472,"(106.943115, -375.360596)"
a_00389,anti_vaccines,30,"(262.968689, 685.329773)"
a_00397,anti_vaccines,1289,"(156.066757, -547.281006)"
a_00398,anti_vaccines,621,"(245.63472, -706.233337)"
a_004,anti_vaccines,356,"(-18484.548828, 23372.326172)"
a_0040,anti_vaccines,161,"(-24218.75, 3776.789307)"
a_00422,anti_vaccines,381,"(201.651398, -469.292755)"
a_00432,anti_vaccines,96,"(-127.370285, -920.271912)"
a_00434,anti_vaccines,534,"(-936.404419, 296.343994)"
a_0044,anti_vaccines,1768,"(-14440.770508, 25781.25)"
a_00447,anti_vaccines,2845,"(-95.84362, -984.088989)"
a_00448,anti_vaccines,1291,"(295.627014, -601.989319)"
a_00452,anti_vaccines,618,"(254.824219, 121.058212)"
a_00454,anti_vaccines,1562,"(26.520128, -343.253296)"
a_00458,anti_vaccines,49,"(-195.476959, -486.100189)"
a_0046,anti_vaccines,0,"(1055.184082, 25781.25)"
a_00460,anti_vaccines,1181,"(259.383728, -374.403687)"
a_00462,anti_vaccines,2587,"(86.115898, -909.208313)"
a_00471,anti_vaccines,324,"(806.754456, 261.055084)"
a_0048,anti_vaccines,1574,"(383.386993, -486.025146)"
a_00483,anti_vaccines,484,"(-218.882217, -144.51062)"
a_00487,anti_vaccines,241,"(9.66332, -203.179901)"
a_00502,anti_vaccines,228,"(461.044495, -231.491623)"
a_00504,anti_vaccines,2456,"(496.65152, -521.107849)"
a_00508,anti_vaccines,3066,"(96.171043, -223.147491)"
a_00513,anti_vaccines,2181,"(-135.455429, -868.05127)"
a_00520,anti_vaccines,1840,"(138.942245, -875.718994)"
a_00521,anti_vaccines,2945,"(282.257416, -975.793518)"
a_00523,anti_vaccines,2923,"(285.12561, -968.431885)"
a_00524,anti_vaccines,997,"(271.678101, -976.362244)"
a_00527,anti_vaccines,240,"(270.817139, -967.338379)"
a_00528,anti_vaccines,5861,"(283.815674, -985.733154)"
a_0053,anti_vaccines,299,"(21845.060547, -20282.630859)"
a_00537,anti_vaccines,901,"(228.726822, -722.976135)"
a_00545,anti_vaccines,172,"(28.974291, -1072.881958)"
a_00549,anti_vaccines,2662,"(141.806625, -1006.689819)"
a_0055,anti_vaccines,0,"(25781.25, 3954.445557)"
a_00552,anti_vaccines,53,"(153.435364, -1014.000244)"
a_00557,anti_vaccines,2971,"(177.819153, -1006.803467)"
a_00558,anti_vaccines,8436,"(243.440262, -785.290527)"
a_00559,anti_vaccines,136,"(156.140167, -1003.973083)"
a_00561,anti_vaccines,397,"(168.048615, -1000.311279)"
a_00563,anti_vaccines,20423,"(-241.970184, -499.521118)"
a_00564,anti_vaccines,8738,"(160.315872, -992.627441)"
a_00565,anti_vaccines,1716,"(139.55365, -1018.06012)"
a_00566,anti_vaccines,4591,"(-205.906311, -798.44989)"
a_00567,anti_vaccines,125,"(148.631042, -998.427002)"
a_00574,anti_vaccines,305,"(320.001068, -900.722839)"
a_00575,anti_vaccines,478,"(-22.198111, -761.547607)"
a_00586,anti_vaccines,314,"(166.931427, -1101.844238)"
a_00588,anti_vaccines,5046,"(251.998489, -925.664917)"
a_00589,anti_vaccines,33381,"(-248.539139, 40.052559)"
a_00598,anti_vaccines,1364,"(282.11972, -530.866699)"
a_006,anti_vaccines,11204,"(-531.540161, -1004.376343)"
a_00604,anti_vaccines,47,"(460.387177, -810.938965)"
a_00608,anti_vaccines,2828,"(35.126389, -981.78772)"
a_00616,anti_vaccines,731,"(-19.621683, -541.182007)"
a_00618,anti_vaccines,35108,"(-173.004807, -229.925125)"
a_0062,anti_vaccines,25,"(-79.955872, -1175.026123)"
a_00621,anti_vaccines,1434,"(182.494278, -857.607056)"
a_00625,anti_vaccines,1944,"(-332.153259, 184.856339)"
a_00626,anti_vaccines,1900,"(232.306412, -444.894745)"
a_00634,anti_vaccines,5609,"(181.644318, -1186.468994)"
a_00640,anti_vaccines,1798,"(395.734375, -929.87793)"
a_00643,anti_vaccines,1213,"(42.19825, -613.610718)"
a_00645,anti_vaccines,19439,"(79.092659, -745.067871)"
a_0065,anti_vaccines,1328,"(-83.486526, -859.926514)"
a_00655,anti_vaccines,94,"(523.620667, 1509.981812)"
a_00658,anti_vaccines,12272,"(268.924591, -1513.076538)"
a_0066,anti_vaccines,32,"(25781.25, -10814.53418)"
a_00662,anti_vaccines,5072,"(-451.322113, -176.576813)"
a_00668,anti_vaccines,12221,"(284.660858, -1355.586914)"
a_0067,anti_vaccines,173,"(-19860.230469, 22174.109375)"
a_00670,anti_vaccines,84,"(420.328918, -377.399841)"
a_00691,anti_vaccines,481,"(-299.137604, -691.346069)"
a_00692,anti_vaccines,7490,"(-136.487076, -508.299408)"
a_00693,anti_vaccines,244,"(-8.676091, -709.471436)"
a_00694,anti_vaccines,175,"(-209.819641, -642.290649)"
a_00695,anti_vaccines,385,"(312.015137, 42.357189)"
a_0070,anti_vaccines,267,"(-131.334137, -693.070251)"
a_00702,anti_vaccines,59,"(-220.512802, -842.037903)"
a_00704,anti_vaccines,442,"(164.305588, -691.86969)"
a_00706,anti_vaccines,989,"(-271.790619, -513.640442)"
a_00713,anti_vaccines,2348,"(-21.661671, -612.387939)"
a_00724,anti_vaccines,3526,"(585.995056, 218.571838)"
a_00726,anti_vaccines,11918,"(-1448.770996, -292.874847)"
a_00728,anti_vaccines,309,"(26.710888, 281.542847)"
a_00733,anti_vaccines,85,"(-225.424637, -931.505859)"
a_00738,anti_vaccines,380,"(150.513229, -1244.011475)"
a_00739,anti_vaccines,635,"(132.925598, -1240.334473)"
a_0074,anti_vaccines,86,"(-20945.849609, 21079.865234)"
a_00740,anti_vaccines,1582,"(-65.687012, -313.952576)"
a_00741,anti_vaccines,106,"(250.580505, -295.982666)"
a_00742,anti_vaccines,743,"(-10.737994, -817.20282)"
a_00753,anti_vaccines,51,"(211.925156, -181.929581)"
a_00754,anti_vaccines,1269,"(137.166, -688.75415)"
a_00756,anti_vaccines,8879,"(-690.018066, 276.056946)"
a_00762,anti_vaccines,479,"(14.512136, -721.235718)"
a_00764,anti_vaccines,5222,"(22.211405, -975.121948)"
a_00765,anti_vaccines,1372,"(30.537178, -695.736694)"
a_00771,anti_vaccines,343,"(-46.737034, -629.68634)"
a_00773,anti_vaccines,1232,"(74.008369, -997.639099)"
a_00778,anti_vaccines,2902,"(146.678909, -913.897888)"
a_00779,anti_vaccines,539,"(166.647964, -529.150146)"
a_0078,anti_vaccines,11310,"(-984.035156, -460.960632)"
a_00780,anti_vaccines,3521,"(19.918343, -906.151978)"
a_00782,anti_vaccines,13236,"(265.626373, -900.392517)"
a_00784,anti_vaccines,1089,"(522.828735, -665.757996)"
a_0079,anti_vaccines,128,"(-8259.03125, 25781.25)"
a_00799,anti_vaccines,127,"(-185.762115, -808.314819)"
a_008,anti_vaccines,1568,"(-41.222881, -1007.59021)"
a_0080,anti_vaccines,25,"(-23562.371094, 18040.142578)"
a_00805,anti_vaccines,6464,"(44.884663, -962.889771)"
a_0081,anti_vaccines,0,"(-17804.371094, 23792.929688)"
a_00811,anti_vaccines,658,"(86.284424, -1084.192017)"
a_00815,anti_vaccines,8124,"(104.874725, -548.418945)"
a_00816,anti_vaccines,3507,"(-41.744644, -849.510986)"
a_00817,anti_vaccines,734,"(-349.519501, -565.07019)"
a_00818,anti_vaccines,621,"(-178.451981, -759.876099)"
a_0082,anti_vaccines,0,"(3991.86792, -24218.75)"
a_00821,anti_vaccines,990,"(-103.853889, -300.13205)"
a_00827,anti_vaccines,861,"(-456.877228, -351.620972)"
a_00828,anti_vaccines,2074,"(-70.788094, -258.389038)"
a_00832,anti_vaccines,877,"(271.344666, -416.354065)"
a_00833,anti_vaccines,2276,"(-41.323383, -696.583862)"
a_00848,anti_vaccines,2435,"(215.939194, -215.077515)"
a_00849,anti_vaccines,11045,"(253.960724, -622.796265)"
a_0085,anti_vaccines,0,"(2031.296997, 25781.25)"
a_00854,anti_vaccines,1938,"(53.377583, -812.576904)"
a_00855,anti_vaccines,1191,"(122.30246, -586.783813)"
a_00861,anti_vaccines,7304,"(150.924088, -968.959534)"
a_00863,anti_vaccines,836,"(300.963989, -512.396057)"
a_00865,anti_vaccines,2263,"(-34.797878, -464.675659)"
a_00866,anti_vaccines,693,"(-73.715477, -595.316162)"
a_00882,anti_vaccines,138,"(-121.106453, -739.887024)"
a_00883,anti_vaccines,2840,"(-148.712524, -842.639893)"
a_00886,anti_vaccines,44,"(337.572998, 1147.618652)"
a_00890,anti_vaccines,1100,"(466.211548, -573.859985)"
a_00891,anti_vaccines,3747,"(27.118261, -804.133057)"
a_00894,anti_vaccines,3327,"(81.237083, -625.390686)"
a_00899,anti_vaccines,587,"(886.568237, -2.458357)"
a_009,anti_vaccines,19,"(-23132.966797, -18677.65625)"
a_00900,anti_vaccines,1265,"(160.715637, -230.712921)"
a_00908,anti_vaccines,1962,"(215.469177, -837.924194)"
a_00917,anti_vaccines,4557,"(36.803757, -915.206909)"
a_0092,anti_vaccines,846,"(-16444.339844, 24793.71875)"
a_00923,anti_vaccines,9798,"(128.601334, -967.534363)"
a_00929,anti_vaccines,4438,"(-372.882172, -287.045593)"
a_00930,anti_vaccines,1420,"(181.216507, -689.086914)"
a_00931,anti_vaccines,12562,"(145.233353, -630.57373)"
a_00936,anti_vaccines,261,"(-28.440199, -511.848328)"
a_00938,anti_vaccines,737,"(-222.050323, -363.384247)"
a_0094,anti_vaccines,0,"(19606.337891, -22511.761719)"
a_00943,anti_vaccines,6827,"(-110.444885, -817.548462)"
a_00945,anti_vaccines,810,"(-26.597435, -862.953491)"
a_00949,anti_vaccines,925,"(-355.984283, -89.235313)"
a_00950,anti_vaccines,1283,"(-17.322969, -911.52301)"
a_00952,anti_vaccines,31427,"(-207.814682, -506.907959)"
a_00954,anti_vaccines,2316,"(204.576904, -492.030853)"
a_00957,anti_vaccines,2851,"(110.139969, -980.518555)"
a_00959,anti_vaccines,1432,"(278.172302, -506.597992)"
a_0096,anti_vaccines,917,"(117.555153, -255.340729)"
a_00961,anti_vaccines,1007,"(-114.184273, -673.96106)"
a_00972,anti_vaccines,234,"(233.153275, -349.410095)"
a_00975,anti_vaccines,1012,"(-153.212112, -391.217041)"
a_00976,anti_vaccines,7080,"(443.907593, -836.634277)"
a_00979,anti_vaccines,453974,"(22.515127, -176.450027)"
a_00980,anti_vaccines,1694,"(-232.603226, -414.66214)"
a_00995,anti_vaccines,1011,"(192.256943, -261.049225)"
a_00997,anti_vaccines,3914,"(70.481995, -716.156189)"
a_00998,anti_vaccines,10535,"(282.506409, -625.494324)"
a_00999,anti_vaccines,13064,"(-438.396271, -322.967468)"
n_0010,neutral,902,"(17761.111328, 23976.785156)"
n_001000,neutral,25959,"(1058.918457, -3.57785)"
n_001006,neutral,331936,"(-491.008423, -152.023087)"
n_00101,neutral,2,"(25781.25, 7293.756348)"
n_001010,neutral,22109,"(-14.47967, 61.866756)"
n_001012,neutral,45,"(461.415649, 1461.393433)"
n_001013,neutral,136,"(131.995346, -278.259155)"
n_001015,neutral,8499,"(-614.651428, -159.244034)"
n_001017,neutral,543,"(498.00119, 1580.731323)"
n_001018,neutral,11088,"(783.470337, 1389.883911)"
n_00102,neutral,11736,"(25781.25, 7325.509766)"
n_001020,neutral,1097,"(1108.05127, 123.802505)"
n_001021,neutral,22697,"(-544.567078, 113.147346)"
n_001022,neutral,7003,"(-629.361206, 53.420135)"
n_001023,neutral,3826,"(247.867798, 1660.321289)"
n_001025,neutral,586,"(15.012178, -549.304321)"
n_001026,neutral,109846,"(927.047729, 406.582214)"
n_001027,neutral,7996,"(-131.313736, -324.333832)"
n_001030,neutral,1113,"(1053.746582, 202.521027)"
n_001031,neutral,39867,"(666.808228, 1322.311035)"
n_001032,neutral,16509,"(-292.188202, -601.940552)"
n_001033,neutral,2619,"(875.511841, 180.70578)"
n_001034,neutral,3138,"(752.246216, 1556.016479)"
n_001035,neutral,230579,"(753.506348, 775.221924)"
n_001036,neutral,5348,"(623.362549, 1482.357056)"
n_001037,neutral,11016,"(-697.515015, -60.425091)"
n_001038,neutral,173,"(857.198181, 32.053871)"
n_001039,neutral,1396,"(745.349854, 1591.710815)"
n_001042,neutral,29840,"(908.341309, -126.165535)"
n_001043,neutral,584432,"(333.047211, 1249.99646)"
n_001044,neutral,206,"(589.993225, 1545.204346)"
n_001045,neutral,2003,"(114.724419, -687.315613)"
n_001046,neutral,447,"(674.984985, -36.919182)"
n_001047,neutral,2619,"(-586.66449, 25.881119)"
n_001048,neutral,1491,"(-7.831674, -571.422852)"
n_00105,neutral,10246,"(-1564.573486, -304.254883)"
n_001052,neutral,5134,"(702.628418, -98.464973)"
n_001053,neutral,1867,"(919.325439, 365.124146)"
n_001055,neutral,100611,"(51.046402, -6.261746)"
n_001056,neutral,271,"(342.653198, 1627.623291)"
n_001057,neutral,17710,"(-388.979401, 17.339415)"
n_001058,neutral,13701,"(216.169464, 41.837963)"
n_00106,neutral,1192,"(-7005.087402, 25781.25)"
n_001060,neutral,606,"(836.770081, 112.03511)"
n_001065,neutral,220,"(342.679291, 1479.374268)"
n_001066,neutral,15379,"(-61.3937, -39.724285)"
n_001068,neutral,15775,"(-483.140106, 70.541862)"
n_001069,neutral,11854,"(771.71936, 1571.091187)"
n_00107,neutral,1985,"(106.278473, 1763.816284)"
n_001070,neutral,4100,"(53.513248, -672.075623)"
n_001072,neutral,4355,"(-61.438427, -684.862976)"
n_001074,neutral,363,"(481.665833, 1089.960205)"
n_001075,neutral,24904,"(977.29126, 193.928391)"
n_001076,neutral,30560,"(-404.159698, -117.837784)"
n_001077,neutral,647692,"(-15.428823, 473.488586)"
n_001079,neutral,11306,"(319.730682, 1027.235229)"
n_00108,neutral,1860,"(-76.761223, 1861.854004)"
n_001080,neutral,2091,"(715.372009, 1357.927368)"
n_001082,neutral,21020,"(-502.027161, -31.532145)"
n_001085,neutral,3583,"(22.625439, -270.779633)"
n_001087,neutral,6584,"(649.44696, 1586.087524)"
n_001088,neutral,14357087,"(-75.324203, 160.07135)"
n_001089,neutral,827,"(485.076447, 1251.088013)"
n_001090,neutral,541,"(517.888367, 1250.243774)"
n_001093,neutral,11891,"(637.384399, 1376.81543)"
n_001095,neutral,395713,"(-140.149841, -157.560898)"
n_001096,neutral,1163,"(975.554688, 162.492386)"
n_001099,neutral,18029,"(741.651672, 1475.753174)"
n_0011,neutral,12580,"(-6061.981934, 25781.25)"
n_001101,neutral,32028,"(803.972717, 1159.196045)"
n_001103,neutral,2651,"(324.849945, 1307.690796)"
n_001104,neutral,6534,"(-591.389099, 74.099457)"
n_001105,neutral,1306,"(773.814697, 1526.969482)"
n_001106,neutral,500,"(458.373749, 1294.550903)"
n_001111,neutral,812,"(1018.261475, 220.050812)"
n_001113,neutral,32316,"(-85.735992, -690.884888)"
n_001114,neutral,602,"(478.368866, 1572.789185)"
n_001115,neutral,67,"(281.522247, 1489.853638)"
n_001116,neutral,245,"(467.056671, 1395.055542)"
n_001119,neutral,18569,"(1031.385742, 171.71196)"
n_001120,neutral,1035,"(619.109375, -109.995743)"
n_001121,neutral,38348,"(708.459595, 1525.40271)"
n_001122,neutral,1384,"(778.165466, 1494.283569)"
n_001127,neutral,1279,"(1039.891113, 78.54615)"
n_001128,neutral,1230,"(919.788635, 56.066891)"
n_00113,neutral,557,"(5851.762695, -24218.75)"
n_001132,neutral,7701,"(597.239624, 1251.451904)"
n_001133,neutral,566381,"(-463.650452, 37.376232)"
n_001137,neutral,6142,"(75.750252, -839.683777)"
n_001138,neutral,793,"(1006.924133, 9.948559)"
n_001140,neutral,3012,"(1033.551636, 51.588715)"
n_001141,neutral,46594,"(-643.793335, 10.935991)"
n_001144,neutral,4677,"(1001.87677, 193.134796)"
n_001145,neutral,618823,"(325.185913, 924.6922)"
n_001146,neutral,3743,"(706.412231, 1479.036621)"
n_001147,neutral,53773,"(-25.261562, -26.990002)"
n_001148,neutral,1264,"(1009.467407, 70.498352)"
n_001149,neutral,287970,"(-441.249176, -29.64455)"
n_00115,neutral,14966,"(346.780182, -1719.930176)"
n_001151,neutral,2616,"(915.551758, 178.896744)"
n_001154,neutral,76397,"(-498.624664, -90.952034)"
n_001156,neutral,3101,"(738.39563, -2.368388)"
n_001157,neutral,33410,"(816.091248, 1501.495117)"
n_001158,neutral,577307,"(-418.485779, -67.516029)"
n_001161,neutral,244,"(694.608765, 787.427734)"
n_001162,neutral,38765,"(-543.997742, -34.670784)"
n_001163,neutral,6213,"(1079.435425, 210.47287)"
n_001164,neutral,7611,"(-0.622579, -843.143127)"
n_001168,neutral,165701,"(1026.538696, 245.564728)"
n_001171,neutral,832,"(497.162903, 1468.216187)"
n_001172,neutral,5205,"(742.233154, 1502.595337)"
n_001174,neutral,803326,"(-516.110718, 9.407825)"
n_001176,neutral,38126,"(742.553955, 89.58506)"
n_001177,neutral,109393,"(831.921082, 156.326019)"
n_001179,neutral,1567,"(836.000122, -15.705593)"
n_001180,neutral,14817,"(894.103455, 39.398159)"
n_001182,neutral,29094,"(979.602051, 143.17688)"
n_001183,neutral,2248,"(700.08606, 1420.352295)"
n_001184,neutral,6036,"(930.338623, 28.482059)"
n_001186,neutral,325,"(525.652222, 1384.164185)"
n_001188,neutral,65357,"(1.87105, -786.661682)"
n_001189,neutral,1475,"(287.953278, 1350.420776)"
n_001190,neutral,14563,"(981.612122, 234.63887)"
n_001192,neutral,1723,"(1002.011047, 136.434738)"
n_001194,neutral,39913,"(767.509094, 1457.944702)"
n_001195,neutral,3956,"(-3.925532, -740.41748)"
n_001196,neutral,58980,"(1020.909302, 144.642853)"
n_001197,neutral,14196,"(728.67688, 1383.060913)"
n_001199,neutral,14606,"(696.088074, 1380.738892)"
n_0012,neutral,576,"(10560.181641, 25781.25)"
n_001200,neutral,2927,"(971.001587, 12.062451)"
n_001201,neutral,17745,"(750.392456, 1401.435059)"
n_001202,neutral,33744,"(-602.069275, -10.479022)"
n_001203,neutral,237414,"(902.340637, 136.18808)"
n_001204,neutral,3089,"(1031.863647, 192.44342)"
n_001207,neutral,216,"(433.633057, 1341.185425)"
n_001208,neutral,7505,"(967.933838, 83.886429)"
n_001209,neutral,72540,"(-66.549698, -17.122126)"
n_001210,neutral,33718,"(-80.107521, -734.442383)"
n_001212,neutral,93769,"(873.977051, 307.152222)"
n_001213,neutral,3261,"(1032.268066, 100.168808)"
n_001218,neutral,792350,"(941.822754, 246.5056)"
n_001219,neutral,2728,"(1074.468384, 144.54808)"
n_00122,neutral,7958,"(21288.816406, 20974.236328)"
n_001221,neutral,254264,"(811.048584, 1450.352417)"
n_001223,neutral,3376,"(805.499695, 111.456604)"
n_001227,neutral,2924,"(407.507538, 1379.323608)"
n_001228,neutral,882,"(501.305328, 1356.619141)"
n_00123,neutral,800,"(-563.231262, -183.557236)"
n_001230,neutral,8385,"(10.204617, -636.592346)"
n_001231,neutral,7280,"(948.568604, 121.400436)"
n_001232,neutral,103792,"(109.396439, -725.562988)"
n_001235,neutral,1140743,"(-443.563416, -129.152527)"
n_001236,neutral,47722,"(612.776794, 1297.432861)"
n_001237,neutral,4156,"(-301.568726, -257.253876)"
n_001239,neutral,112521,"(943.510803, 89.514084)"
n_00124,neutral,781,"(-469.318756, -522.506653)"
n_001240,neutral,25854,"(605.035828, 1423.737549)"
n_001243,neutral,8436,"(652.488892, 1438.930908)"
n_001245,neutral,42581,"(53.46756, -534.976685)"
n_001246,neutral,150659,"(587.173584, 1493.534912)"
n_001248,neutral,223305,"(721.37146, 1438.636963)"
n_001250,neutral,8772,"(546.238281, 1284.181763)"
n_001256,neutral,8683,"(299.559418, 1398.079834)"
n_001257,neutral,146742,"(869.002625, 78.756912)"
n_001266,neutral,2524234,"(873.296021, 136.02005)"
n_00127,neutral,858,"(350.438171, 327.537201)"
n_001277,neutral,157531,"(-35.598835, -367.999268)"
n_00128,neutral,57806,"(-487.11557, 1051.769775)"
n_001282,neutral,20832,"(850.410889, -141.842056)"
n_001283,neutral,136,"(-159.005173, -1038.195679)"
n_001287,neutral,4923,"(884.203308, 572.515564)"
n_001289,neutral,787,"(-544.967651, -592.065796)"
n_00129,neutral,120,"(83.820107, -46.138359)"
n_001290,neutral,128,"(-1089.137207, -525.749451)"
n_001291,neutral,16275,"(-1245.873657, -966.121216)"
n_001295,neutral,188,"(-1120.308838, -453.27301)"
n_001296,neutral,13807,"(1148.471313, 798.446106)"
n_0013,neutral,4710,"(-4711.047852, 25781.25)"
n_001300,neutral,9167,"(25781.25, 7332.337891)"
n_001301,neutral,31,"(-227.122253, -1375.655029)"
n_001302,neutral,324,"(2176.446777, 1513.825439)"
n_001303,neutral,167,"(2169.575195, 1518.254883)"
n_001304,neutral,54370,"(-99.672173, 1727.35498)"
n_001305,neutral,9864,"(2182.759277, 1507.936035)"
n_001306,neutral,333,"(-880.158875, 255.11734)"
n_001307,neutral,867,"(-870.769775, 261.602539)"
n_001308,neutral,722,"(-598.539551, 214.252502)"
n_001309,neutral,161,"(-878.718567, 244.899292)"
n_001310,neutral,350,"(2173.742676, 1529.204834)"
n_001311,neutral,832,"(2174.654053, 1497.51123)"
n_001312,neutral,1139,"(513.892883, 1562.771118)"
n_001314,neutral,3720,"(2162.107178, 1512.238403)"
n_001315,neutral,280,"(2148.467529, 1500.532715)"
n_001316,neutral,1577670,"(-561.888611, 1116.024536)"
n_001317,neutral,19462,"(2186.965088, 1517.326416)"
n_001318,neutral,72,"(-24218.75, -13142.772461)"
n_001320,neutral,21,"(2161.984863, 1526.17041)"
n_001321,neutral,48,"(2169.467285, 1505.580322)"
n_001325,neutral,146,"(-198.390518, -71.781433)"
n_001326,neutral,2494,"(1852.336304, 548.313049)"
n_00134,neutral,337,"(-24218.75, -13492.666992)"
n_00137,neutral,1458,"(304.29361, 837.969055)"
n_0014,neutral,5468,"(501.231049, -616.968079)"
n_00142,neutral,19893,"(235.977295, 229.772614)"
n_00144,neutral,862,"(-431.059998, -1368.225342)"
n_00145,neutral,5155,"(-19.235634, 1806.310425)"
n_00146,neutral,1423,"(522.994385, 2315.014404)"
n_00147,neutral,820,"(-237.107895, -1331.533447)"
n_0015,neutral,1629,"(507.359314, 630.625183)"
n_00151,neutral,1507,"(-464.162323, 1088.585938)"
n_00152,neutral,3727,"(1758.594238, 531.863281)"
n_00153,neutral,5534,"(-46.777302, 129.496872)"
n_00155,neutral,238,"(-124.396591, 1415.226196)"
n_00156,neutral,41,"(-109.825073, 2072.379883)"
n_00157,neutral,372,"(-100.458, 2076.688721)"
n_00159,neutral,35519,"(456.864838, 1850.763062)"
n_0016,neutral,5876,"(-36.500935, 231.591003)"
n_00161,neutral,52,"(-88.049568, -128.684601)"
n_00162,neutral,1111,"(1020.405151, -523.515564)"
n_00163,neutral,8267,"(368.014587, 876.486084)"
n_00164,neutral,3242,"(539.280518, 1699.738647)"
n_00165,neutral,20655,"(-173.018097, 136.204407)"
n_00166,neutral,294896,"(-148.707169, -37.785362)"
n_00167,neutral,101,"(-314.018768, -950.895508)"
n_00168,neutral,140,"(57.501896, -775.516663)"
n_00169,neutral,149,"(77.036751, -1105.659668)"
n_0017,neutral,433,"(282.870544, 1261.909058)"
n_00170,neutral,1027,"(115.080856, -1105.800781)"
n_00171,neutral,17,"(102.210571, -1103.192261)"
n_00172,neutral,1009,"(110.661789, -1089.590332)"
n_00173,neutral,4341,"(111.033936, -1098.022583)"
n_00176,neutral,1928,"(90.214172, -1106.73645)"
n_00177,neutral,586,"(-141.833374, 1541.913696)"
n_00178,neutral,525,"(-928.659241, 253.954224)"
n_00179,neutral,96,"(-1071.325684, 331.661407)"
n_0018,neutral,1698,"(-496.826813, 1050.089111)"
n_00180,neutral,954,"(-1061.638672, 352.038544)"
n_00181,neutral,234,"(-725.247314, 124.217735)"
n_00182,neutral,1231,"(-1052.968262, 344.910919)"
n_00183,neutral,278,"(-1050.785767, 362.108795)"
n_00184,neutral,182,"(-1046.611328, 351.561676)"
n_00185,neutral,235,"(-50.570385, -610.809753)"
n_00186,neutral,6978,"(-137.458267, -432.936615)"
n_0019,neutral,508,"(-24218.75, 10130.768555)"
n_00190,neutral,785,"(34.316669, -585.607544)"
n_00191,neutral,1190,"(-213.719421, -1030.248291)"
n_00192,neutral,1289,"(-208.19252, -1040.795654)"
n_00193,neutral,221,"(-223.684402, -1035.049316)"
n_00194,neutral,87,"(-225.335785, -1025.542969)"
n_00195,neutral,896,"(-338.017212, -753.006042)"
n_00196,neutral,2883,"(-223.622498, -1044.93042)"
n_00197,neutral,271,"(-213.782242, -1049.118652)"
n_00198,neutral,91,"(-234.866013, -1034.202881)"
n_00199,neutral,44,"(266.805695, 1660.298096)"
n_002,neutral,4872,"(-1249.424316, 25781.25)"
n_0020,neutral,1124,"(-551.618896, -129.476395)"
n_00200,neutral,2191,"(1761.478027, 548.975708)"
n_00201,neutral,4907,"(-3704.443848, -95.773323)"
n_00202,neutral,298,"(152.701096, -127.567337)"
n_00204,neutral,57,"(261.831787, -1036.203003)"
n_00206,neutral,336,"(-117.696808, -100.418221)"
n_00208,neutral,815,"(-34.440907, 1746.170166)"
n_00209,neutral,1047,"(-14.560541, 1615.422363)"
n_0021,neutral,3716,"(-3933.925781, -16.741646)"
n_00210,neutral,10208,"(-352.985199, -775.760193)"
n_00211,neutral,714,"(-347.320618, -784.718628)"
n_00212,neutral,594821,"(-932.487549, -726.767761)"
n_00213,neutral,7932,"(611.252991, 278.728943)"
n_00214,neutral,29447,"(1614.924561, 513.439331)"
n_00215,neutral,541,"(-4141.083008, -69.443268)"
n_00216,neutral,6502,"(-4135.299316, -81.688339)"
n_00217,neutral,71,"(-4053.474365, -96.898064)"
n_00218,neutral,412933,"(-4144.987305, -80.022682)"
n_00219,neutral,427,"(-4150.616699, -67.552536)"
n_0022,neutral,201,"(293.631439, 1197.474487)"
n_00220,neutral,1937,"(-4048.449951, -72.555115)"
n_00221,neutral,471,"(-4111.135742, -49.931881)"
n_00222,neutral,2478,"(287.253326, -1625.630493)"
n_00223,neutral,3454,"(302.489471, -1685.610107)"
n_00224,neutral,1679,"(277.353729, -1634.692749)"
n_00225,neutral,1038,"(289.315765, -1636.018433)"
n_00226,neutral,23722,"(283.261597, -1599.332275)"
n_00229,neutral,2560,"(-401.695923, 307.774231)"
n_0023,neutral,339,"(-26.113752, 832.52063)"
n_00230,neutral,113,"(-494.421783, 221.735687)"
n_00231,neutral,67,"(102.692032, -961.08197)"
n_00232,neutral,607,"(-376.130066, -1248.422363)"
n_00233,neutral,293,"(-62.161343, -1031.851318)"
n_00234,neutral,302,"(-30.56251, -168.282074)"
n_00235,neutral,204,"(87.047546, -106.258644)"
n_00236,neutral,11825,"(-4006.123535, -18.172112)"
n_00238,neutral,214,"(-37.88615, 1969.021851)"
n_00239,neutral,943,"(-88.62513, 1982.84314)"
n_0024,neutral,1295,"(-67.597618, 1684.939087)"
n_00240,neutral,1931,"(-168.15654, -202.233597)"
n_00242,neutral,1551,"(-30.398153, -941.588196)"
n_00243,neutral,425,"(-161.492798, 1471.133423)"
n_00244,neutral,335,"(-183.169159, 1470.859863)"
n_00245,neutral,910,"(-169.550278, 1464.67334)"
n_00246,neutral,12164,"(-216.886963, 1505.689453)"
n_00247,neutral,94,"(-174.540359, 1440.805054)"
n_00248,neutral,351,"(-166.964554, 1447.5354)"
n_00249,neutral,315,"(-185.711594, 1461.768921)"
n_0025,neutral,851,"(525.512268, 761.813049)"
n_00250,neutral,27302,"(-339.859406, 758.936646)"
n_00251,neutral,273,"(-172.409607, 1472.762695)"
n_00252,neutral,54,"(-164.623703, 1455.581787)"
n_00253,neutral,170,"(-132.099258, 1549.172974)"
n_00254,neutral,59,"(-190.518829, 1448.781128)"
n_00255,neutral,497,"(186.838806, -1056.602783)"
n_00256,neutral,761,"(198.37558, -1096.984863)"
n_00257,neutral,67,"(643.289795, -774.317078)"
n_00258,neutral,18,"(649.019348, -742.3302)"
n_00259,neutral,35,"(650.413574, -763.825195)"
n_00260,neutral,45,"(637.813843, -762.626526)"
n_00261,neutral,823,"(659.7724, -760.898315)"
n_00262,neutral,128,"(639.05835, -752.011536)"
n_00263,neutral,157,"(649.495056, -755.338501)"
n_00264,neutral,191,"(421.268097, -450.823181)"
n_00266,neutral,96,"(665.37854, -752.637451)"
n_00268,neutral,18862,"(-4037.38623, -99.126144)"
n_00269,neutral,210,"(-323.4729, -732.0979)"
n_0027,neutral,1101,"(937.856689, -45.34882)"
n_00271,neutral,85,"(-3966.917725, -9.860592)"
n_00272,neutral,4225,"(-399.558502, 1020.885132)"
n_00273,neutral,2928,"(-1157.717285, -392.194092)"
n_00274,neutral,1088,"(73.297554, -1219.384521)"
n_00275,neutral,1700,"(232.817276, -665.820068)"
n_00276,neutral,888,"(-978.556824, 375.278442)"
n_00277,neutral,104364,"(295.732513, -454.522736)"
n_00278,neutral,2964,"(239.248428, -500.26358)"
n_0028,neutral,6553,"(386.602448, 1351.376221)"
n_00282,neutral,1261,"(-3816.395752, -96.34053)"
n_00283,neutral,476,"(-663.523132, -112.756905)"
n_00284,neutral,40,"(-13.595756, 1882.890747)"
n_00285,neutral,338,"(26.99049, 1827.619629)"
n_00286,neutral,836,"(128.344528, 1876.936035)"
n_00287,neutral,35424,"(-84.849007, 1745.983276)"
n_00288,neutral,5807,"(293.981934, -1687.842773)"
n_00289,neutral,4289,"(53.432858, -1029.383423)"
n_0029,neutral,135,"(-382.451447, -501.832214)"
n_00290,neutral,73119,"(-3858.2854, 17.072977)"
n_00291,neutral,125,"(-185.013321, 1748.861816)"
n_00292,neutral,20923,"(-205.300201, 1765.320068)"
n_00294,neutral,4845,"(-207.965149, 1784.185791)"
n_00295,neutral,507,"(-1001.84082, 354.882721)"
n_00296,neutral,793,"(-989.083313, 348.632141)"
n_00297,neutral,875,"(-981.080566, 352.861725)"
n_00298,neutral,293,"(-4.927805, 1702.152222)"
n_00299,neutral,454,"(355.212585, -394.686249)"
n_0030,neutral,95,"(-244.634827, -338.991364)"
n_00300,neutral,1193,"(-226.79599, -177.150787)"
n_00301,neutral,3535,"(-68.249397, 1972.589966)"
n_00302,neutral,6062,"(-194.119858, -1192.734619)"
n_00303,neutral,506,"(268.069946, -668.83728)"
n_00304,neutral,250,"(170.750992, -601.001709)"
n_00306,neutral,10718,"(261.760498, -676.916321)"
n_00308,neutral,1645,"(309.387787, -865.924072)"
n_00309,neutral,549,"(-1.483342, -1015.845276)"
n_0031,neutral,922,"(1752.549072, 548.710327)"
n_00310,neutral,2840,"(-4206.086426, -81.274315)"
n_00311,neutral,8308,"(-4026.701416, -79.159859)"
n_00312,neutral,261,"(-220.148331, 1497.680298)"
n_00313,neutral,143,"(-178.183411, 1454.114014)"
n_00314,neutral,669,"(413.78186, 1838.974243)"
n_00315,neutral,21,"(581.993835, -618.772095)"
n_00316,neutral,485,"(582.131653, -607.760376)"
n_00317,neutral,13057,"(377.68924, 1858.464844)"
n_00318,neutral,243,"(-68.537445, 1609.846313)"
n_00319,neutral,854,"(-996.991272, 293.327148)"
n_0032,neutral,48,"(292.384613, -244.152817)"
n_00320,neutral,27,"(173.537842, -45.374397)"
n_00321,neutral,1292,"(331.975433, -147.861923)"
n_00322,neutral,614,"(32.18433, -141.168549)"
n_00324,neutral,8117,"(-3670.20459, -97.0271)"
n_00325,neutral,37071,"(-3526.497803, -100.567955)"
n_00326,neutral,747,"(-1317.696167, -411.091278)"
n_00329,neutral,2039,"(211.100861, -308.282043)"
n_0033,neutral,1406,"(-191.133774, -451.914978)"
n_00330,neutral,43,"(267.685913, -148.549301)"
n_00331,neutral,2444,"(580.82782, 1607.081909)"
n_00332,neutral,56144,"(591.014709, 1610.714478)"
n_00333,neutral,851,"(-3939.217529, -49.946358)"
n_00334,neutral,1488,"(29.018379, -1021.288269)"
n_00335,neutral,536,"(441.24292, -588.499878)"
n_00336,neutral,33056,"(-207.920532, -1206.921265)"
n_00338,neutral,1981,"(140.768829, -1156.599243)"
n_00339,neutral,58222,"(592.493958, -888.195496)"
n_00340,neutral,1588,"(-872.728821, 337.445709)"
n_00341,neutral,763,"(1039.775146, 353.325348)"
n_00342,neutral,2681,"(377.508698, -677.449341)"
n_00343,neutral,3211,"(-4182.342285, -79.487473)"
n_00344,neutral,195,"(143.691971, -763.107239)"
n_00345,neutral,16034,"(-4019.561279, -60.219528)"
n_00346,neutral,113,"(-89.276527, 1679.178345)"
n_00347,neutral,4572,"(-221.455765, 1804.103882)"
n_00348,neutral,3960,"(-179.748703, 1720.491577)"
n_00349,neutral,761,"(-1021.418884, 365.908051)"
n_00350,neutral,191,"(-4152.154785, -37.379322)"
n_00351,neutral,367,"(-4078.901855, -7.951035)"
n_00352,neutral,1297,"(345.209961, 1699.974854)"
n_00353,neutral,1784,"(-87.106812, 1797.472046)"
n_00354,neutral,6737,"(-23.542274, 1837.443848)"
n_00355,neutral,8069,"(-638.901306, 596.463379)"
n_00356,neutral,3880,"(-4200.183105, -70.011124)"
n_00357,neutral,1213,"(-3913.998779, -39.290657)"
n_00358,neutral,372,"(-166.441193, 1184.814209)"
n_00359,neutral,527,"(303.8396, -1529.301147)"
n_00362,neutral,680,"(-171.481476, -433.599304)"
n_00363,neutral,1592,"(555.924561, -959.774597)"
n_00364,neutral,161,"(-10.800504, 1514.836304)"
n_00365,neutral,3425,"(13.406625, 1647.389038)"
n_00366,neutral,202,"(-1330.583984, -366.980469)"
n_00367,neutral,903,"(-145.758011, -757.412231)"
n_00368,neutral,42757,"(209.730179, 1054.794312)"
n_00369,neutral,3509,"(404.034515, -845.164673)"
n_0037,neutral,343,"(-437.893158, 130.78653)"
n_00370,neutral,8094,"(175.482162, -894.046265)"
n_00371,neutral,427,"(-33.95937, 1778.73584)"
n_00374,neutral,959,"(-163.417831, -990.008606)"
n_00377,neutral,200829,"(-3909.060303, -68.923592)"
n_00378,neutral,26755,"(-28.517794, 1317.877075)"
n_00379,neutral,4863,"(-506.525482, 172.712738)"
n_00380,neutral,4433,"(571.028015, -1056.38208)"
n_00381,neutral,1835,"(469.702026, 1824.27417)"
n_00382,neutral,11918,"(-97.144218, -332.444427)"
n_00383,neutral,25360,"(-259.170593, -632.572388)"
n_00384,neutral,8462,"(497.871887, 92.746284)"
n_00388,neutral,230,"(-17.480417, 1664.772583)"
n_0039,neutral,662,"(23178.716797, -18758.431641)"
n_00390,neutral,1647,"(142.696732, -941.855652)"
n_00391,neutral,113,"(390.332275, 953.452026)"
n_00392,neutral,4073,"(447.748871, -891.399536)"
n_00393,neutral,52523,"(-3920.164307, -116.015099)"
n_00394,neutral,1109,"(-77.065735, 33.147915)"
n_00395,neutral,7765,"(-26.257313, 1572.236572)"
n_00396,neutral,1737,"(-122.465836, -291.937256)"
n_00399,neutral,337,"(230.77121, -372.358429)"
n_00400,neutral,320,"(-138.887833, -911.135498)"
n_00401,neutral,1151,"(-149.744629, -906.145752)"
n_00402,neutral,42011,"(-57.174305, 1871.19397)"
n_00403,neutral,1536,"(99.494308, -77.285286)"
n_00404,neutral,43656,"(-267.574188, -468.71347)"
n_00405,neutral,2064,"(-758.35083, 289.95517)"
n_00406,neutral,1343,"(-124.283104, -816.703003)"
n_00407,neutral,720,"(-3961.553223, 18.407551)"
n_00408,neutral,3711,"(-1015.340576, 328.813232)"
n_00409,neutral,1745,"(-49.693455, -229.979187)"
n_0041,neutral,1348,"(-186.802734, -347.935394)"
n_00410,neutral,1289,"(-329.617828, -144.861465)"
n_00411,neutral,3707,"(-969.851013, 309.528625)"
n_00412,neutral,1216,"(-301.831665, -283.657501)"
n_00413,neutral,3017,"(282.707581, -756.325134)"
n_00414,neutral,554,"(-1132.142212, -386.464172)"
n_00416,neutral,950,"(-169.353394, -856.186035)"
n_00417,neutral,15660,"(-746.342651, 220.419891)"
n_00418,neutral,545,"(-680.292236, -111.913086)"
n_00419,neutral,658,"(-392.666901, -162.115067)"
n_00420,neutral,36365,"(995.071289, 456.565979)"
n_00421,neutral,2115,"(790.119629, 1312.434937)"
n_00423,neutral,4007,"(1196.213379, 436.225067)"
n_00424,neutral,837,"(-1346.126221, -329.984039)"
n_00425,neutral,548,"(-886.93866, 306.332764)"
n_00427,neutral,1441210,"(-69.378799, 481.438538)"
n_00428,neutral,320,"(676.971191, 1474.284058)"
n_00429,neutral,994,"(-377.794708, 188.068604)"
n_0043,neutral,3026,"(-572.826721, -74.192001)"
n_00430,neutral,44,"(-174.434311, -947.680908)"
n_00431,neutral,236,"(-159.924057, -949.069336)"
n_00433,neutral,2909,"(-3863.750732, -95.872169)"
n_00435,neutral,802,"(-722.659424, -89.737846)"
n_00436,neutral,9077,"(-3932.114014, 29.404882)"
n_00437,neutral,295408,"(-495.232086, 643.782593)"
n_00438,neutral,2901,"(-4009.115967, -95.10154)"
n_00439,neutral,2815,"(-4112.421875, -9.913972)"
n_00441,neutral,478,"(417.837769, -934.284973)"
n_00442,neutral,1850,"(29.619322, -746.899902)"
n_00443,neutral,124,"(-1341.587769, -383.434509)"
n_00444,neutral,533,"(-751.967957, -24.783442)"
n_00445,neutral,102486,"(23.106905, 523.729309)"
n_00446,neutral,1667,"(-972.677124, 291.324524)"
n_00449,neutral,2640,"(-1266.399292, -402.238434)"
n_0045,neutral,483,"(-195.118256, 1772.950806)"
n_00450,neutral,5313,"(-4054.124756, -48.236103)"
n_00451,neutral,8039,"(-3848.678955, -76.840675)"
n_00453,neutral,8477,"(827.698059, 219.499237)"
n_00455,neutral,13617,"(-240.301651, 287.028351)"
n_00457,neutral,2553,"(548.591492, -233.2052)"
n_00459,neutral,162,"(-261.709534, -522.408447)"
n_00461,neutral,4163,"(-659.484741, 189.156647)"
n_00463,neutral,9472,"(-3881.752686, -46.889477)"
n_00465,neutral,765,"(464.374054, -936.202637)"
n_00466,neutral,11435,"(785.714478, 1602.104614)"
n_00468,neutral,47551,"(735.265198, 1341.448364)"
n_00469,neutral,6342,"(745.32666, 1430.210815)"
n_0047,neutral,0,"(-9101.257813, 25781.25)"
n_00470,neutral,329,"(-52.719517, 1556.770874)"
n_00473,neutral,2889,"(-157.844803, -269.220337)"
n_00475,neutral,2118,"(-1022.81012, 299.781921)"
n_00476,neutral,1820,"(-32.613697, 1649.484741)"
n_00477,neutral,4208,"(-18.759054, -632.325012)"
n_00478,neutral,3073,"(-336.097443, 265.769592)"
n_00479,neutral,150,"(1145.538452, 398.274719)"
n_00480,neutral,9482,"(92.231277, 23.729557)"
n_00481,neutral,234,"(-42.555038, -497.189758)"
n_00484,neutral,29,"(220.749023, -260.776642)"
n_00485,neutral,64443,"(-539.204773, -426.427368)"
n_00486,neutral,6354,"(-339.13736, -116.472412)"
n_00488,neutral,2510608,"(-2687.368652, -28.533075)"
n_00489,neutral,4895,"(-4081.401855, -62.125179)"
n_0049,neutral,12827,"(18408.027344, 23647.150391)"
n_00490,neutral,318,"(-496.928772, 99.691269)"
n_00491,neutral,904,"(194.245636, -292.230896)"
n_00492,neutral,4663,"(-3992.414795, 3.217839)"
n_00493,neutral,6390,"(7.836438, 1620.106079)"
n_00494,neutral,70470,"(-194.764984, -709.944092)"
n_00496,neutral,1471230,"(183.503311, 1846.056519)"
n_00497,neutral,443739,"(-119.122101, 1479.559448)"
n_00498,neutral,5324,"(1179.687378, 451.608948)"
n_00499,neutral,5652,"(-287.701782, -743.439209)"
n_005,neutral,16001,"(-3990.893799, -24218.75)"
n_0050,neutral,1667,"(714.34082, 1650.25354)"
n_00500,neutral,193,"(-4.802023, -221.359818)"
n_00501,neutral,816,"(-1154.95874, -350.407654)"
n_00503,neutral,1334,"(-767.856323, 79.460281)"
n_00505,neutral,2145,"(-821.390991, 141.1091)"
n_00506,neutral,3353,"(-163.651123, 12.43926)"
n_00507,neutral,3024,"(-4100.532227, -21.539961)"
n_00509,neutral,4166,"(-3730.855225, 44.71207)"
n_0051,neutral,11962,"(25572.007813, -15251.697266)"
n_00510,neutral,1031,"(-280.015076, -437.716431)"
n_00511,neutral,4664,"(1137.762695, 360.788513)"
n_00512,neutral,28604,"(-531.452698, -122.162003)"
n_00515,neutral,3580,"(-949.413147, 228.447723)"
n_00516,neutral,4577,"(-751.177856, 20.048542)"
n_00517,neutral,437,"(-732.055664, -51.637878)"
n_00518,neutral,431,"(384.14859, -757.1026)"
n_00519,neutral,333,"(296.020416, -958.739441)"
n_0052,neutral,245,"(376.190521, 899.986206)"
n_00522,neutral,250,"(223.58606, -711.887817)"
n_00525,neutral,878,"(282.788269, -959.713135)"
n_00526,neutral,379,"(268.952759, -985.91156)"
n_00529,neutral,1497,"(151.937714, -715.925476)"
n_00530,neutral,59,"(214.109558, -655.94043)"
n_00531,neutral,18083,"(296.196381, -972.748779)"
n_00532,neutral,3543,"(-226.713562, -217.766022)"
n_00533,neutral,2172,"(-37.035191, 1696.239868)"
n_00535,neutral,312,"(-325.531921, -486.03653)"
n_00536,neutral,1124,"(-224.081406, -818.335449)"
n_00538,neutral,901,"(123.223351, -856.36322)"
n_00539,neutral,247,"(9.017351, -1068.713745)"
n_0054,neutral,532,"(1709.093628, 532.17157)"
n_00540,neutral,192,"(16.549448, -1076.101807)"
n_00541,neutral,5516,"(98.395264, -9.218166)"
n_00542,neutral,134,"(14.147193, -1060.506104)"
n_00543,neutral,165,"(-0.187691, -1073.155762)"
n_00544,neutral,948,"(25.473969, -1062.998779)"
n_00546,neutral,244,"(123.798576, -1016.57251)"
n_00547,neutral,3322,"(121.505493, -749.966492)"
n_00548,neutral,550,"(271.424805, -878.197205)"
n_00550,neutral,406,"(156.361923, -947.912048)"
n_00551,neutral,3145,"(163.867432, -1011.84845)"
n_00553,neutral,4328,"(-19.879169, -485.13028)"
n_00554,neutral,129105,"(173.395294, -991.60437)"
n_00555,neutral,422,"(177.261841, -1120.659424)"
n_00556,neutral,172,"(-81.386108, -973.594971)"
n_0056,neutral,3182,"(-215.531677, -1201.804565)"
n_00560,neutral,271,"(132.603882, -1010.341003)"
n_00562,neutral,160,"(186.539719, -993.748108)"
n_00568,neutral,666,"(1043.353516, -108.441704)"
n_00569,neutral,9761,"(955.5802, 600.830444)"
n_0057,neutral,5063,"(25781.25, 19224.183594)"
n_00570,neutral,7461,"(594.285828, -455.770599)"
n_00571,neutral,19959,"(-3953.791016, -76.489006)"
n_00573,neutral,66,"(-66.750389, -1017.400879)"
n_00576,neutral,170,"(-1309.260864, -378.586304)"
n_00577,neutral,1457,"(221.279343, -1087.879639)"
n_00578,neutral,28386,"(-40.905994, -94.194374)"
n_00579,neutral,16460,"(-95.008804, -231.956879)"
n_0058,neutral,22797,"(-91.756203, 208.896805)"
n_00580,neutral,1564,"(1183.327881, 425.578674)"
n_00581,neutral,7322,"(-449.915283, -76.509247)"
n_00582,neutral,817,"(-725.772888, -2.504078)"
n_00583,neutral,592,"(-1228.904419, -306.185516)"
n_00584,neutral,8288,"(800.888306, 1413.911987)"
n_00585,neutral,9505,"(-53.559956, -884.250183)"
n_00587,neutral,595,"(175.007019, -1095.5448)"
n_0059,neutral,2487,"(14610.445313, -24218.75)"
n_00590,neutral,125058,"(88.734154, 1220.278076)"
n_00591,neutral,11633,"(68.757729, -953.248047)"
n_00592,neutral,31595,"(-3939.454346, 2.004972)"
n_00593,neutral,1932,"(-99.152161, -1018.592529)"
n_00594,neutral,4765,"(230.523468, 1930.867554)"
n_00595,neutral,9678,"(985.758545, 610.108521)"
n_00596,neutral,10925,"(-574.186462, 262.822937)"
n_00597,neutral,559,"(-770.438782, 5.815296)"
n_00599,neutral,10544,"(-3910.047363, 12.539093)"
n_0060,neutral,717,"(-24218.75, -1155.34668)"
n_00600,neutral,4367,"(-0.5274, -79.007744)"
n_00602,neutral,662,"(223.492432, -1000.140198)"
n_00603,neutral,286,"(310.057098, -570.44043)"
n_00605,neutral,923,"(427.041656, -606.145447)"
n_00606,neutral,1697,"(-690.089172, 183.189423)"
n_00607,neutral,1723,"(-487.174866, -284.574646)"
n_00609,neutral,245,"(47.700539, -983.22522)"
n_00610,neutral,987,"(355.583038, 1674.437378)"
n_00611,neutral,704,"(-1209.630005, -357.468933)"
n_00612,neutral,1396,"(315.549164, -529.162537)"
n_00613,neutral,563,"(334.280182, -577.878113)"
n_00614,neutral,91,"(328.508148, -509.706329)"
n_00615,neutral,14288,"(599.853333, 311.447998)"
n_00617,neutral,30387,"(243.325836, -113.214043)"
n_00619,neutral,1244,"(116.432678, -631.640625)"
n_00620,neutral,48514,"(-373.329926, 230.319229)"
n_00622,neutral,2018,"(159.646179, -958.500671)"
n_00623,neutral,395,"(-595.437927, -51.037827)"
n_00624,neutral,847,"(287.323547, -689.746338)"
n_00627,neutral,257,"(238.851746, -937.666626)"
n_00629,neutral,21993,"(46.511757, 97.695404)"
n_0063,neutral,820,"(486.586517, -885.537415)"
n_00630,neutral,1273,"(-511.140503, -282.703156)"
n_00631,neutral,1899,"(-1222.826416, -417.95694)"
n_00632,neutral,39347,"(-203.502014, 19.092676)"
n_00633,neutral,1958,"(-476.327057, -644.326111)"
n_00635,neutral,2649,"(-248.19133, -113.519363)"
n_00636,neutral,1022,"(-667.252563, -23.203035)"
n_00637,neutral,32836,"(850.105225, 714.303833)"
n_00639,neutral,2529,"(-171.29747, -644.514954)"
n_0064,neutral,684,"(228.971725, -645.935486)"
n_00641,neutral,1803,"(139.092117, -985.223694)"
n_00642,neutral,175,"(-99.528473, -194.750641)"
n_00644,neutral,554,"(121.796906, -1267.728882)"
n_00646,neutral,12234,"(18.682848, 68.410027)"
n_00647,neutral,181,"(643.374634, 1352.384766)"
n_00648,neutral,2218,"(418.510345, 1579.516724)"
n_00649,neutral,605,"(729.408081, 1566.036865)"
n_00650,neutral,1543,"(424.229584, 740.856506)"
n_00651,neutral,87,"(662.978577, 1362.221924)"
n_00652,neutral,11641,"(649.307556, 1361.758667)"
n_00653,neutral,211,"(658.674866, 1370.564453)"
n_00654,neutral,584,"(658.366699, 1353.807129)"
n_00656,neutral,387,"(53.218113, -474.113159)"
n_00657,neutral,32479,"(1055.247314, 264.582367)"
n_00659,neutral,21244,"(-313.818726, 90.533791)"
n_00660,neutral,18205,"(102.101227, -491.716034)"
n_00661,neutral,11497,"(-283.51059, -151.27475)"
n_00663,neutral,265,"(-327.048645, -174.702301)"
n_00664,neutral,4259,"(153.897629, 263.252991)"
n_00665,neutral,7012,"(-203.080612, -37.562408)"
n_00666,neutral,1525,"(-420.3573, -501.469666)"
n_00669,neutral,4566,"(-315.09259, -103.108086)"
n_00671,neutral,1298664,"(-6.453477, 10.291048)"
n_00674,neutral,14184,"(-297.322968, -129.276062)"
n_00675,neutral,232,"(-1280.161743, -374.717468)"
n_00676,neutral,13593,"(378.628998, -874.38269)"
n_00677,neutral,233,"(-119.027573, -207.437759)"
n_00678,neutral,6175,"(-309.954895, -699.997681)"
n_00679,neutral,157,"(-305.876312, -679.472412)"
n_0068,neutral,241,"(509.177551, -945.182129)"
n_00680,neutral,57126,"(-914.255981, 130.748505)"
n_00681,neutral,1637,"(-308.257751, -690.856384)"
n_00682,neutral,126,"(-664.671936, -164.83194)"
n_00683,neutral,444,"(-318.180115, -681.329712)"
n_00684,neutral,2966,"(-370.079559, -764.326721)"
n_00685,neutral,80,"(-182.883377, -521.612732)"
n_00686,neutral,7672,"(-186.473694, 394.244324)"
n_00687,neutral,362,"(-297.079803, -708.825745)"
n_00688,neutral,1030,"(-297.043915, -699.796021)"
n_00689,neutral,125,"(-319.714691, -695.028259)"
n_0069,neutral,5503,"(1052.251709, 753.68457)"
n_00690,neutral,66,"(-308.058746, -707.288574)"
n_00696,neutral,1624373,"(178.724518, 552.641052)"
n_00697,neutral,11187,"(-308.238098, -432.852081)"
n_00698,neutral,433,"(-77.712044, -548.322876)"
n_00699,neutral,21934,"(-14.496071, -1053.738403)"
n_007,neutral,4158,"(-19404.089844, -22552.484375)"
n_00700,neutral,24,"(53.237175, -175.883942)"
n_00701,neutral,4401,"(474.677643, 614.289429)"
n_00703,neutral,554,"(-1245.382446, -388.074524)"
n_00707,neutral,1971,"(-416.361023, -166.455276)"
n_00708,neutral,410,"(991.229492, 78.681084)"
n_00709,neutral,1734,"(-1185.701294, -335.034882)"
n_0071,neutral,1221,"(-3818.197021, 25781.25)"
n_00710,neutral,4559,"(126.377838, 257.03656)"
n_00711,neutral,86,"(-107.099739, -894.673096)"
n_00712,neutral,3474,"(-96.915146, -901.271729)"
n_00714,neutral,1171,"(744.318054, 1663.286133)"
n_00715,neutral,26515,"(735.026184, 1663.285034)"
n_00716,neutral,615,"(-373.898865, -756.167236)"
n_00717,neutral,1713,"(-421.762329, 74.698517)"
n_00718,neutral,2949436,"(-25.631725, 16.895292)"
n_00719,neutral,1152,"(-649.14209, 34.431999)"
n_0072,neutral,12381,"(-17819.166016, -23853.935547)"
n_00720,neutral,32149,"(-451.00943, 230.125259)"
n_00721,neutral,362,"(-1264.119995, -283.250275)"
n_00722,neutral,2328,"(-670.805542, -135.286224)"
n_00723,neutral,1021,"(-195.243271, -541.300232)"
n_00725,neutral,440771,"(981.281738, 343.563171)"
n_00729,neutral,9294,"(-750.875916, 257.789032)"
n_00730,neutral,874,"(-115.022171, -408.779541)"
n_00732,neutral,1675,"(-1287.898682, -346.992828)"
n_00734,neutral,5477,"(-372.609406, -593.847961)"
n_00735,neutral,5953,"(287.781464, 1704.061401)"
n_00736,neutral,4249,"(231.021149, 1781.158325)"
n_00743,neutral,318102,"(-239.367447, 200.503937)"
n_00744,neutral,15301,"(-276.310394, -60.802166)"
n_00745,neutral,706,"(212.261078, -890.009399)"
n_00746,neutral,1271,"(1112.952515, 479.778198)"
n_00748,neutral,4998,"(1058.502686, 327.686462)"
n_00749,neutral,507,"(-575.072571, -159.846252)"
n_00750,neutral,1110,"(-217.915115, -452.833191)"
n_00751,neutral,344,"(448.266754, -430.111084)"
n_00755,neutral,1184,"(-689.271973, -20.495106)"
n_00757,neutral,5135,"(-160.589127, -493.764404)"
n_00758,neutral,1750,"(-141.010254, -113.202583)"
n_00759,neutral,47751,"(-238.663651, 55.195171)"
n_0076,neutral,2390,"(-24218.75, 4616.79834)"
n_00760,neutral,843,"(-246.574844, -457.306702)"
n_00761,neutral,2781,"(964.188721, 468.903931)"
n_00763,neutral,76,"(40.738762, -648.161072)"
n_00766,neutral,2547,"(246.865265, -276.528931)"
n_00767,neutral,2571,"(-546.770996, -0.288205)"
n_00768,neutral,146677,"(1078.368408, -92.551659)"
n_00769,neutral,10862,"(-1257.733276, -314.148163)"
n_0077,neutral,210,"(153.508804, 788.520447)"
n_00772,neutral,581,"(583.411804, 103.626648)"
n_00774,neutral,9098,"(26.828743, -27.988451)"
n_00775,neutral,149,"(-1281.090332, -295.602203)"
n_00776,neutral,2247,"(-685.850037, -86.166107)"
n_00777,neutral,280,"(53.653076, -694.038147)"
n_00781,neutral,9171,"(-93.214005, 16.049931)"
n_00783,neutral,653,"(53.017838, -379.31842)"
n_00785,neutral,242,"(551.879883, 1624.031494)"
n_00786,neutral,1374,"(-496.1026, -428.178406)"
n_00787,neutral,645,"(-504.057404, -421.346466)"
n_00788,neutral,1388,"(-13.750009, -959.02832)"
n_00789,neutral,988,"(-633.356262, -65.283218)"
n_00790,neutral,2053,"(765.345459, 1330.698486)"
n_00791,neutral,1076,"(-71.917587, -902.503296)"
n_00793,neutral,2307,"(-136.847702, -633.624512)"
n_00794,neutral,2499227,"(-346.700439, -64.761253)"
n_00795,neutral,65259,"(-130.620682, -66.056656)"
n_00796,neutral,3052,"(349.036072, -707.937378)"
n_00797,neutral,55736,"(-3964.668945, -38.906609)"
n_00798,neutral,1169,"(-609.724976, -75.030365)"
n_00800,neutral,674,"(-464.742218, -110.444901)"
n_00801,neutral,275,"(-364.625031, -268.084839)"
n_00802,neutral,44898,"(351.39328, 1033.687744)"
n_00803,neutral,109468,"(-335.510651, 33.70216)"
n_00804,neutral,2035,"(-1100.229858, -295.287964)"
n_00806,neutral,942,"(196.990387, -703.056335)"
n_00807,neutral,8149,"(-429.358643, -93.329147)"
n_00808,neutral,6112,"(-551.202271, -237.919403)"
n_00809,neutral,1601,"(-2015.852783, -235.543076)"
n_00810,neutral,4338,"(183.901459, -941.044006)"
n_00812,neutral,4569,"(-657.395142, -65.573006)"
n_00813,neutral,2794,"(-261.151001, -232.662857)"
n_00814,neutral,7153,"(213.64032, -583.719299)"
n_00819,neutral,1423,"(812.460022, 18.097773)"
n_00820,neutral,26994,"(334.241577, -496.98645)"
n_00822,neutral,1239,"(-118.736931, -656.952698)"
n_00823,neutral,773,"(1111.845947, 420.765808)"
n_00824,neutral,425,"(-155.204498, -636.896301)"
n_00825,neutral,233540,"(-188.159546, -104.260353)"
n_00826,neutral,1232,"(-584.405029, -124.925011)"
n_00829,neutral,163252,"(-125.47641, -969.559021)"
n_0083,neutral,43,"(-536.557251, -349.485626)"
n_00830,neutral,427,"(-261.270325, -711.138672)"
n_00831,neutral,993,"(174.099564, -552.751282)"
n_00834,neutral,3572,"(159.96582, 1632.755249)"
n_00835,neutral,182,"(146.185013, 1683.701904)"
n_00836,neutral,269,"(156.244568, 1668.153809)"
n_00837,neutral,2685,"(173.259262, 1642.092163)"
n_00838,neutral,3513,"(156.33699, 1679.057251)"
n_00839,neutral,340,"(165.732056, 1682.180054)"
n_0084,neutral,172,"(480.031586, 1691.498169)"
n_00842,neutral,5591,"(-641.751282, -111.912056)"
n_00843,neutral,2559,"(402.360474, 657.566711)"
n_00844,neutral,654,"(-229.547394, -725.566284)"
n_00845,neutral,504,"(-545.648071, -85.908012)"
n_00846,neutral,1724,"(-1247.443359, -355.023987)"
n_00847,neutral,128742,"(993.125977, 376.694244)"
n_00850,neutral,5847,"(-221.774246, -690.382446)"
n_00851,neutral,1995,"(-536.111816, -196.71376)"
n_00852,neutral,362,"(490.427551, 1690.555664)"
n_00853,neutral,442,"(502.506134, -89.05024)"
n_00858,neutral,1232,"(-1020.403931, -248.070511)"
n_00859,neutral,536,"(-1237.303467, -329.512329)"
n_0086,neutral,78,"(514.680786, -225.823196)"
n_00860,neutral,896,"(-1148.524048, -302.120026)"
n_00862,neutral,417,"(598.568115, -256.158966)"
n_00864,neutral,491,"(-170.150665, -671.886963)"
n_00867,neutral,119,"(264.839935, 1705.623901)"
n_00868,neutral,561,"(286.530853, -294.810272)"
n_00869,neutral,26239,"(-531.898682, -157.291702)"
n_0087,neutral,203,"(-81.78022, -280.976288)"
n_00870,neutral,20,"(487.812653, 1506.855103)"
n_00871,neutral,146,"(402.810364, 1602.434326)"
n_00872,neutral,279,"(290.227386, 1628.298706)"
n_00873,neutral,11382,"(398.661591, 1560.740723)"
n_00874,neutral,6070,"(406.960999, 1613.641968)"
n_00875,neutral,403,"(136.328278, 1176.938843)"
n_00876,neutral,136,"(382.929596, 1556.040527)"
n_00878,neutral,551,"(119.823593, -1191.759644)"
n_00879,neutral,1870,"(132.553986, -1213.391846)"
n_0088,neutral,57,"(314.367767, 1554.7323)"
n_00880,neutral,2357,"(485.286285, 80.845108)"
n_00881,neutral,11453,"(-39.092186, -718.693298)"
n_00884,neutral,1611,"(519.579285, 1780.966431)"
n_00885,neutral,449,"(562.580872, 1660.59729)"
n_00887,neutral,171,"(996.923584, 45.387886)"
n_00889,neutral,1028,"(1072.857666, 264.322235)"
n_0089,neutral,3044,"(54.091217, 802.251099)"
n_00893,neutral,10321,"(562.05719, 1195.96582)"
n_00895,neutral,37296,"(603.637756, 1572.887817)"
n_00896,neutral,31444,"(-1205.212402, 490.854553)"
n_00897,neutral,127062,"(235.14003, -317.487)"
n_00898,neutral,13284,"(149.286804, 1718.80835)"
n_00901,neutral,130,"(671.818237, 750.9646)"
n_00902,neutral,331,"(203.046646, 1599.102051)"
n_00903,neutral,3819,"(48.892715, -796.759644)"
n_00905,neutral,1401,"(-677.526794, -51.646557)"
n_00906,neutral,8406,"(-492.754639, -224.851669)"
n_00907,neutral,1522,"(227.465698, -416.313263)"
n_00909,neutral,307,"(963.845215, -24.965319)"
n_0091,neutral,50,"(-129.786774, 1536.583008)"
n_00910,neutral,2005,"(-1198.342529, -278.201202)"
n_00911,neutral,1718,"(-139.377289, -801.623108)"
n_00912,neutral,9200,"(-1100.221924, -339.10321)"
n_00915,neutral,266,"(278.988403, 1454.752563)"
n_00916,neutral,41034,"(152.698624, -574.038086)"
n_00918,neutral,219082,"(843.23114, 196.970245)"
n_00919,neutral,4689,"(1008.307129, -28.380144)"
n_00920,neutral,28,"(311.414337, 1637.284424)"
n_00921,neutral,112913,"(116.29052, 1845.570679)"
n_00924,neutral,5158,"(-932.689453, -220.574005)"
n_00926,neutral,136703,"(180.198517, 6.20743)"
n_00927,neutral,17209,"(-148.113815, -230.911423)"
n_00928,neutral,812,"(268.770172, 1601.096802)"
n_0093,neutral,30,"(179.310608, -726.357788)"
n_00932,neutral,564,"(512.306824, 1623.813721)"
n_00933,neutral,23956,"(222.064209, 1681.213745)"
n_00935,neutral,8790,"(-361.709534, -215.889374)"
n_00937,neutral,4135,"(-1155.501709, -261.458862)"
n_00939,neutral,3177,"(-677.355042, 32.231739)"
n_00940,neutral,327439,"(299.913727, 145.664368)"
n_00942,neutral,3092,"(-325.869629, -301.162018)"
n_00944,neutral,124078,"(165.900726, 64.256676)"
n_00946,neutral,126722,"(-300.147522, -192.796692)"
n_00948,neutral,180564,"(-341.995453, -38.789429)"
n_00951,neutral,3573,"(458.080353, 1417.264282)"
n_00953,neutral,633,"(97.999985, -1156.283569)"
n_00955,neutral,1640,"(3.940407, -495.622742)"
n_00956,neutral,2685,"(685.746582, 1400.162109)"
n_00958,neutral,643,"(963.962769, 53.547112)"
n_00960,neutral,255,"(730.942627, 1609.091187)"
n_00962,neutral,510925,"(-90.391609, -576.744995)"
n_00964,neutral,1202,"(642.204041, 1542.686279)"
n_00965,neutral,751,"(809.465027, 1533.95752)"
n_00967,neutral,1916,"(79.27681, -400.918884)"
n_00968,neutral,2835,"(78.317879, -167.195435)"
n_00969,neutral,949,"(655.265076, -7.157429)"
n_0097,neutral,2723,"(739.558716, -220.582169)"
n_00970,neutral,3712,"(-306.40036, 12.721466)"
n_00971,neutral,523,"(575.864685, -58.74662)"
n_00973,neutral,1025153,"(-470.16214, -18.841463)"
n_00974,neutral,8664,"(-117.618637, -7.502015)"
n_00977,neutral,331133,"(-140.560425, -15.730148)"
n_0098,neutral,66691,"(18926.375, 23049.134766)"
n_00981,neutral,31540,"(1043.190308, -20.134686)"
n_00982,neutral,47997,"(180.169586, 1716.821289)"
n_00983,neutral,1084,"(883.546021, -56.46426)"
n_00984,neutral,231,"(1042.265869, 127.629082)"
n_00985,neutral,435,"(390.369354, -588.173401)"
n_00986,neutral,8284304,"(213.027466, 345.150146)"
n_00987,neutral,3850,"(64.451164, 1460.272827)"
n_00989,neutral,3531,"(-145.156616, -463.587738)"
n_0099,neutral,423,"(-778.899109, 361.943604)"
n_00990,neutral,1760,"(-40.84362, -739.08905)"
n_00991,neutral,11799448,"(-9.396984, 260.982361)"
n_00992,neutral,17787,"(951.854248, 195.022491)"
n_00993,neutral,2043,"(935.354248, 308.131409)"
n_00994,neutral,8790,"(-191.37117, -296.105133)"
n_00996,neutral,5623,"(213.660538, 1665.206177)"
p_00104,pro_vaccines,2633,"(219.229019, 2064.657471)"
p_001059,pro_vaccines,3014,"(742.164734, 1455.121704)"
p_001064,pro_vaccines,741,"(294.365051, 1551.248291)"
p_001071,pro_vaccines,245,"(308.21579, 1500.317871)"
p_001078,pro_vaccines,588,"(353.722382, 1532.939087)"
p_001086,pro_vaccines,733,"(268.095276, 1222.049072)"
p_00109,pro_vaccines,9263,"(107.684753, 273.610443)"
p_001092,pro_vaccines,176,"(390.85083, 1504.441528)"
p_001098,pro_vaccines,890,"(556.232483, 1507.497314)"
p_00110,pro_vaccines,1375,"(25781.25, 4457.48291)"
p_001108,pro_vaccines,20616,"(199.36055, 1742.197632)"
p_001109,pro_vaccines,8315,"(447.25827, 1618.782715)"
p_00111,pro_vaccines,1585,"(14296.941406, 25781.25)"
p_00114,pro_vaccines,265,"(7258.220215, -24218.75)"
p_001142,pro_vaccines,4061,"(373.594421, 1635.456177)"
p_001150,pro_vaccines,623,"(403.959808, 1356.33606)"
p_001159,pro_vaccines,1376,"(975.009216, 275.486694)"
p_00116,pro_vaccines,3664,"(-13738.183594, 25781.25)"
p_001160,pro_vaccines,1118,"(418.279633, 1290.077637)"
p_001165,pro_vaccines,712,"(464.935059, 1363.186523)"
p_001169,pro_vaccines,152,"(435.335938, 1365.477173)"
p_00117,pro_vaccines,908,"(25096.287109, -16117.37207)"
p_001175,pro_vaccines,5495,"(626.210938, 1224.550659)"
p_00118,pro_vaccines,269,"(-17205.535156, 24341.367188)"
p_001181,pro_vaccines,6788,"(671.131104, 1543.335815)"
p_001185,pro_vaccines,681,"(443.603149, 1262.214478)"
p_001211,pro_vaccines,466,"(348.075867, 1396.088623)"
p_001214,pro_vaccines,4112,"(410.904297, 1306.673584)"
p_001216,pro_vaccines,1361,"(524.986511, 1312.983398)"
p_001220,pro_vaccines,777,"(455.199341, 1318.77771)"
p_001226,pro_vaccines,5028,"(307.747955, 1672.445313)"
p_001229,pro_vaccines,91574,"(921.259277, -8.440445)"
p_001233,pro_vaccines,807,"(365.037354, 1586.466919)"
p_001241,pro_vaccines,2670,"(368.018524, 1262.485962)"
p_00125,pro_vaccines,1371,"(-35.203545, 1625.935547)"
p_001252,pro_vaccines,5150,"(566.187744, 1345.171265)"
p_001253,pro_vaccines,1486,"(503.917114, 1405.692993)"
p_001254,pro_vaccines,17548,"(458.802673, 1210.081909)"
p_001255,pro_vaccines,766,"(375.584717, 1396.096069)"
p_001258,pro_vaccines,3021,"(488.789825, 1323.412476)"
p_001259,pro_vaccines,210577,"(652.225403, 1513.978149)"
p_00126,pro_vaccines,70,"(-1250.394043, -24218.75)"
p_001260,pro_vaccines,15388,"(259.487579, 1425.703369)"
p_001261,pro_vaccines,335398,"(896.14386, 235.998535)"
p_001262,pro_vaccines,4581,"(407.6539, 1250.228271)"
p_001263,pro_vaccines,1030539,"(822.273315, 75.003128)"
p_001267,pro_vaccines,37107,"(307.06778, 1592.154663)"
p_001274,pro_vaccines,1469984,"(211.544586, 1560.182739)"
p_001275,pro_vaccines,18979,"(453.662872, 1531.754883)"
p_001276,pro_vaccines,12497,"(401.759521, 1461.221313)"
p_001279,pro_vaccines,196120,"(350.336639, 1438.747192)"
p_001286,pro_vaccines,668,"(19829.351563, 25781.25)"
p_001298,pro_vaccines,18167,"(111.169243, 370.377411)"
p_001299,pro_vaccines,1890,"(1138.681519, 800.457764)"
p_00130,pro_vaccines,233,"(-24218.75, 13695.560547)"
p_001313,pro_vaccines,1371,"(2104.844482, 1477.03418)"
p_00132,pro_vaccines,579,"(-188.456924, 1934.097046)"
p_001322,pro_vaccines,2809,"(436.06015, 1587.214111)"
p_001323,pro_vaccines,5847,"(-24218.75, -13136.006836)"
p_00133,pro_vaccines,575,"(-10.516628, 1891.981201)"
p_00136,pro_vaccines,6481,"(22466.630859, -19588.371094)"
p_00141,pro_vaccines,734,"(8680.504883, -24218.75)"
p_00150,pro_vaccines,11379,"(-4042.552002, -14.666603)"
p_00158,pro_vaccines,3070,"(568.192078, 1786.133423)"
p_00160,pro_vaccines,363,"(285.456421, 1854.191406)"
p_00188,pro_vaccines,873,"(511.366577, 2232.066406)"
p_00227,pro_vaccines,23589,"(299.597107, -1630.463745)"
p_00270,pro_vaccines,3323,"(-123.963844, 1826.346191)"
p_00280,pro_vaccines,6360,"(-136.588654, 855.083313)"
p_00293,pro_vaccines,13705,"(-126.840744, 1628.056274)"
p_0035,pro_vaccines,803,"(-13006.498047, 25781.25)"
p_00385,pro_vaccines,454327,"(-425.202271, 986.520813)"
p_00415,pro_vaccines,5334,"(-18.195745, 1592.50708)"
p_0042,pro_vaccines,543,"(668.649048, 1108.885986)"
p_00426,pro_vaccines,10427,"(140.181442, 1258.622925)"
p_00440,pro_vaccines,1418035,"(90.050552, 1889.989136)"
p_00456,pro_vaccines,17821,"(-60.338463, 1647.713745)"
p_00464,pro_vaccines,1327,"(176.966446, 1826.006714)"
p_00467,pro_vaccines,168767,"(-52.829296, 1667.945923)"
p_00472,pro_vaccines,8980,"(894.939331, -431.931946)"
p_00474,pro_vaccines,1722,"(-55.43718, 1580.905029)"
p_00482,pro_vaccines,717,"(-39.841019, 1677.607056)"
p_00495,pro_vaccines,26090,"(37.583118, 1555.798462)"
p_00514,pro_vaccines,26530,"(286.160645, 1571.653198)"
p_00534,pro_vaccines,173368,"(118.880363, 1500.380005)"
p_00572,pro_vaccines,144,"(328.481049, 1802.001831)"
p_00601,pro_vaccines,789,"(682.597046, 1590.481079)"
p_0061,pro_vaccines,428,"(19823.382813, 25781.25)"
p_00628,pro_vaccines,23230,"(852.635742, 577.752563)"
p_00638,pro_vaccines,24372,"(274.059021, 1559.739258)"
p_00667,pro_vaccines,1400,"(532.400574, 1813.025513)"
p_00672,pro_vaccines,130238,"(-3840.22876, -9.821632)"
p_00673,pro_vaccines,4895,"(-98.180328, 1396.669067)"
p_00705,pro_vaccines,32910,"(29.479113, 1769.191406)"
p_00727,pro_vaccines,22,"(460.162628, 1481.769409)"
p_0073,pro_vaccines,769,"(-24218.75, 7236.944336)"
p_00731,pro_vaccines,906,"(278.530121, 1532.158569)"
p_00737,pro_vaccines,28,"(292.995819, 1753.658203)"
p_00747,pro_vaccines,3522,"(516.277405, 1747.688354)"
p_0075,pro_vaccines,345,"(-18397.986328, -23283.101563)"
p_00752,pro_vaccines,944,"(192.258163, 1790.143921)"
p_00770,pro_vaccines,67,"(659.440674, 1149.229614)"
p_00792,pro_vaccines,78616,"(-132.152771, 1678.952881)"
p_00840,pro_vaccines,2126,"(162.96167, 1644.438232)"
p_00841,pro_vaccines,24260,"(54.813507, 1594.251587)"
p_00856,pro_vaccines,265332,"(683.846313, 1261.706543)"
p_00857,pro_vaccines,2317,"(144.740189, 1670.333862)"
p_00877,pro_vaccines,343,"(481.380829, 1640.352051)"
p_00888,pro_vaccines,23645,"(606.226746, 1650.458374)"
p_00892,pro_vaccines,335,"(292.637238, 1734.623413)"
p_0090,pro_vaccines,275,"(25781.25, -6633.664063)"
p_00904,pro_vaccines,64342,"(173.027893, 1699.126709)"
p_00913,pro_vaccines,19260,"(544.264771, 1715.486084)"
p_00914,pro_vaccines,396,"(328.061859, 1645.462524)"
p_00922,pro_vaccines,1630,"(407.077576, 1721.746826)"
p_00925,pro_vaccines,232061,"(114.825165, 1529.731567)"
p_00934,pro_vaccines,897,"(1070.834229, 394.849152)"
p_00941,pro_vaccines,5672,"(374.616272, 1692.973267)"
p_00947,pro_vaccines,316,"(268.694427, 1626.255127)"
p_0095,pro_vaccines,366,"(25781.25, 10866.776367)"
p_00963,pro_vaccines,22614,"(115.110855, 1669.198242)"
p_00966,pro_vaccines,985,"(539.708679, 1452.635254)"
p_00978,pro_vaccines,2972,"(455.820251, 1654.062988)"
p_00988,pro_vaccines,346,"(499.794006, 1447.183105)"
